<?xml version="1.0" encoding="UTF-8"?>
<!DOCTYPE manifest PUBLIC "-//MECA//DTD Manifest v1.0//en" "MECA_manifest.dtd">
<manifest manifest-version="1" xmlns="https://manuscriptexchange.org/schema/manifest" xmlns:xlink="http://www.w3.org/1999/xlink">
  <item item-type="article-metadata">
    <instance media-type="text/xml" xlink:href="index.xml"/>
  </item>
  <item item-type="manuscript">
    <instance media-type="application/pdf" xlink:href="index.pdf"/>
  </item>
  <item item-type="manuscript">
    <instance media-type="application/vnd.openxmlformats-officedocument.wordprocessingml.document" xlink:href="index.docx"/>
  </item>
  <item item-type="manuscript">
    <instance media-type="text/plain" xlink:href="_tex/index.tex"/>
  </item>
  <item item-type="manuscript-supporting-file">
    <instance media-type="image/png" xlink:href="index_files/figure-jats/notebooks-soil_property_maps-fig-ag_map2-output-1.png"/>
  </item>
  <item item-type="manuscript-supporting-file">
    <instance media-type="image/png" xlink:href="index_files/figure-jats/notebooks-univariate_summary-cell-8-output-1.png"/>
  </item>
  <item item-type="manuscript-supporting-file">
    <instance media-type="image/png" xlink:href="index_files/figure-jats/notebooks-RF_results-fig-rf-results-output-1.png"/>
  </item>
  <item item-type="manuscript-supporting-file">
    <instance media-type="image/png" xlink:href="index_files/figure-jats/notebooks-univariate_summary-cell-15-output-1.png"/>
  </item>
  <item item-type="manuscript-supporting-file">
    <instance media-type="image/png" xlink:href="index_files/figure-jats/notebooks-soil_property_maps-fig-ag_map-output-1.png"/>
  </item>
  <item item-type="manuscript-supporting-file">
    <instance media-type="image/png" xlink:href="index_files/figure-jats/notebooks-soil_property_maps-fig-forest_map2-output-1.png"/>
  </item>
  <item item-type="manuscript-supporting-file">
    <instance media-type="image/png" xlink:href="index_files/figure-jats/notebooks-location_map-fig-location_map-output-2.png"/>
  </item>
  <item item-type="manuscript-supporting-file">
    <instance media-type="image/png" xlink:href="index_files/figure-jats/notebooks-univariate_summary-cell-16-output-1.png"/>
  </item>
  <item item-type="manuscript-supporting-file">
    <instance media-type="image/png" xlink:href="index_files/figure-jats/notebooks-soil_property_maps-fig-forest_map-output-1.png"/>
  </item>
  <item item-type="manuscript-supporting-file">
    <instance media-type="image/png" xlink:href="index_files/figure-jats/notebooks-univariate_summary-cell-12-output-1.png"/>
  </item>
  <item item-type="manuscript-supporting-file">
    <instance media-type="image/png" xlink:href="univariate_summary_files/figure-jats/unnamed-chunk-14-1.png"/>
  </item>
  <item item-type="manuscript-supporting-file">
    <instance media-type="image/png" xlink:href="univariate_summary_files/figure-jats/unnamed-chunk-7-1.png"/>
  </item>
  <item item-type="manuscript-supporting-file">
    <instance media-type="image/png" xlink:href="univariate_summary_files/figure-jats/unnamed-chunk-11-1.png"/>
  </item>
  <item item-type="manuscript-supporting-file">
    <instance media-type="image/png" xlink:href="univariate_summary_files/figure-jats/unnamed-chunk-15-1.png"/>
  </item>
  <item item-type="manuscript-supporting-file">
    <instance media-type="image/png" xlink:href="v_col_Forest_RF_regression_files/figure-jats/unnamed-chunk-4-1.png"/>
  </item>
  <item item-type="manuscript-supporting-file">
    <instance media-type="image/png" xlink:href="v_col_Forest_RF_regression_files/figure-jats/unnamed-chunk-12-1.png"/>
  </item>
  <item item-type="manuscript-supporting-file">
    <instance media-type="image/png" xlink:href="v_col_Forest_RF_regression_files/figure-jats/unnamed-chunk-9-1.png"/>
  </item>
  <item item-type="manuscript-supporting-file">
    <instance media-type="image/png" xlink:href="v_col_Forest_RF_regression_files/figure-jats/unnamed-chunk-11-1.png"/>
  </item>
  <item item-type="manuscript-supporting-file">
    <instance media-type="image/png" xlink:href="v_col_Forest_RF_regression_files/figure-jats/unnamed-chunk-18-1.png"/>
  </item>
  <item item-type="manuscript-supporting-file">
    <instance media-type="image/png" xlink:href="RF_results_files/figure-jats/fig-RF-results-1.png"/>
  </item>
  <item item-type="manuscript-supporting-file">
    <instance media-type="image/png" xlink:href="Li_Forest_RF_regression_files/figure-jats/unnamed-chunk-4-1.png"/>
  </item>
  <item item-type="manuscript-supporting-file">
    <instance media-type="image/png" xlink:href="Li_Forest_RF_regression_files/figure-jats/unnamed-chunk-12-1.png"/>
  </item>
  <item item-type="manuscript-supporting-file">
    <instance media-type="image/png" xlink:href="Li_Forest_RF_regression_files/figure-jats/unnamed-chunk-9-1.png"/>
  </item>
  <item item-type="manuscript-supporting-file">
    <instance media-type="image/png" xlink:href="Li_Forest_RF_regression_files/figure-jats/unnamed-chunk-11-1.png"/>
  </item>
  <item item-type="manuscript-supporting-file">
    <instance media-type="image/png" xlink:href="Li_Forest_RF_regression_files/figure-jats/unnamed-chunk-18-1.png"/>
  </item>
  <item item-type="manuscript-supporting-file">
    <instance media-type="image/png" xlink:href="Ca_Ag_RF_regression_files/figure-jats/unnamed-chunk-4-1.png"/>
  </item>
  <item item-type="manuscript-supporting-file">
    <instance media-type="image/png" xlink:href="Ca_Ag_RF_regression_files/figure-jats/unnamed-chunk-12-1.png"/>
  </item>
  <item item-type="manuscript-supporting-file">
    <instance media-type="image/png" xlink:href="Ca_Ag_RF_regression_files/figure-jats/unnamed-chunk-9-1.png"/>
  </item>
  <item item-type="manuscript-supporting-file">
    <instance media-type="image/png" xlink:href="Ca_Ag_RF_regression_files/figure-jats/unnamed-chunk-11-1.png"/>
  </item>
  <item item-type="manuscript-supporting-file">
    <instance media-type="image/png" xlink:href="Ca_Ag_RF_regression_files/figure-jats/unnamed-chunk-18-1.png"/>
  </item>
  <item item-type="manuscript-supporting-file">
    <instance media-type="image/png" xlink:href="soil_property_maps_files/figure-jats/fig-ag_map-1.png"/>
  </item>
  <item item-type="manuscript-supporting-file">
    <instance media-type="image/png" xlink:href="soil_property_maps_files/figure-jats/fig-ag_map2-1.png"/>
  </item>
  <item item-type="manuscript-supporting-file">
    <instance media-type="image/png" xlink:href="soil_property_maps_files/figure-jats/fig-forest_map-1.png"/>
  </item>
  <item item-type="manuscript-supporting-file">
    <instance media-type="image/png" xlink:href="soil_property_maps_files/figure-jats/fig-forest_map2-1.png"/>
  </item>
  <item item-type="manuscript-supporting-file">
    <instance media-type="image/png" xlink:href="Nb_Forest_RF_regression_files/figure-jats/unnamed-chunk-4-1.png"/>
  </item>
  <item item-type="manuscript-supporting-file">
    <instance media-type="image/png" xlink:href="Nb_Forest_RF_regression_files/figure-jats/unnamed-chunk-12-1.png"/>
  </item>
  <item item-type="manuscript-supporting-file">
    <instance media-type="image/png" xlink:href="Nb_Forest_RF_regression_files/figure-jats/unnamed-chunk-9-1.png"/>
  </item>
  <item item-type="manuscript-supporting-file">
    <instance media-type="image/png" xlink:href="Nb_Forest_RF_regression_files/figure-jats/unnamed-chunk-11-1.png"/>
  </item>
  <item item-type="manuscript-supporting-file">
    <instance media-type="image/png" xlink:href="Nb_Forest_RF_regression_files/figure-jats/unnamed-chunk-18-1.png"/>
  </item>
  <item item-type="manuscript-supporting-file">
    <instance media-type="image/png" xlink:href="location_map_files/figure-jats/fig-location_map-1.png"/>
  </item>
  <item item-type="manuscript-supporting-file">
    <instance media-type="image/png" xlink:href="Mo_Ag_RF_regression_files/figure-jats/unnamed-chunk-4-1.png"/>
  </item>
  <item item-type="manuscript-supporting-file">
    <instance media-type="image/png" xlink:href="Mo_Ag_RF_regression_files/figure-jats/unnamed-chunk-12-1.png"/>
  </item>
  <item item-type="manuscript-supporting-file">
    <instance media-type="image/png" xlink:href="Mo_Ag_RF_regression_files/figure-jats/unnamed-chunk-9-1.png"/>
  </item>
  <item item-type="manuscript-supporting-file">
    <instance media-type="image/png" xlink:href="Mo_Ag_RF_regression_files/figure-jats/unnamed-chunk-11-1.png"/>
  </item>
  <item item-type="manuscript-supporting-file">
    <instance media-type="image/png" xlink:href="Mo_Ag_RF_regression_files/figure-jats/unnamed-chunk-18-1.png"/>
  </item>
  <item item-type="manuscript-supporting-file">
    <instance media-type="image/png" xlink:href="l_col_Forest_RF_regression_files/figure-jats/unnamed-chunk-4-1.png"/>
  </item>
  <item item-type="manuscript-supporting-file">
    <instance media-type="image/png" xlink:href="l_col_Forest_RF_regression_files/figure-jats/unnamed-chunk-12-1.png"/>
  </item>
  <item item-type="manuscript-supporting-file">
    <instance media-type="image/png" xlink:href="l_col_Forest_RF_regression_files/figure-jats/unnamed-chunk-9-1.png"/>
  </item>
  <item item-type="manuscript-supporting-file">
    <instance media-type="image/png" xlink:href="l_col_Forest_RF_regression_files/figure-jats/unnamed-chunk-11-1.png"/>
  </item>
  <item item-type="manuscript-supporting-file">
    <instance media-type="image/png" xlink:href="l_col_Forest_RF_regression_files/figure-jats/unnamed-chunk-18-1.png"/>
  </item>
  <item item-type="manuscript-supporting-file">
    <instance media-type="image/png" xlink:href="c_col_Ag_RF_regression_files/figure-jats/unnamed-chunk-4-1.png"/>
  </item>
  <item item-type="manuscript-supporting-file">
    <instance media-type="image/png" xlink:href="c_col_Ag_RF_regression_files/figure-jats/unnamed-chunk-12-1.png"/>
  </item>
  <item item-type="manuscript-supporting-file">
    <instance media-type="image/png" xlink:href="c_col_Ag_RF_regression_files/figure-jats/unnamed-chunk-9-1.png"/>
  </item>
  <item item-type="manuscript-supporting-file">
    <instance media-type="image/png" xlink:href="c_col_Ag_RF_regression_files/figure-jats/unnamed-chunk-11-1.png"/>
  </item>
  <item item-type="manuscript-supporting-file">
    <instance media-type="image/png" xlink:href="c_col_Ag_RF_regression_files/figure-jats/unnamed-chunk-18-1.png"/>
  </item>
  <item item-type="manuscript-supporting-file">
    <instance media-type="image/png" xlink:href="h_col_Forest_RF_regression_files/figure-jats/unnamed-chunk-4-1.png"/>
  </item>
  <item item-type="manuscript-supporting-file">
    <instance media-type="image/png" xlink:href="h_col_Forest_RF_regression_files/figure-jats/unnamed-chunk-12-1.png"/>
  </item>
  <item item-type="manuscript-supporting-file">
    <instance media-type="image/png" xlink:href="h_col_Forest_RF_regression_files/figure-jats/unnamed-chunk-9-1.png"/>
  </item>
  <item item-type="manuscript-supporting-file">
    <instance media-type="image/png" xlink:href="h_col_Forest_RF_regression_files/figure-jats/unnamed-chunk-11-1.png"/>
  </item>
  <item item-type="manuscript-supporting-file">
    <instance media-type="image/png" xlink:href="h_col_Forest_RF_regression_files/figure-jats/unnamed-chunk-18-1.png"/>
  </item>
  <item item-type="manuscript-supporting-file">
    <instance media-type="image/png" xlink:href="a_col_Ag_RF_regression_files/figure-jats/unnamed-chunk-4-1.png"/>
  </item>
  <item item-type="manuscript-supporting-file">
    <instance media-type="image/png" xlink:href="a_col_Ag_RF_regression_files/figure-jats/unnamed-chunk-12-1.png"/>
  </item>
  <item item-type="manuscript-supporting-file">
    <instance media-type="image/png" xlink:href="a_col_Ag_RF_regression_files/figure-jats/unnamed-chunk-9-1.png"/>
  </item>
  <item item-type="manuscript-supporting-file">
    <instance media-type="image/png" xlink:href="a_col_Ag_RF_regression_files/figure-jats/unnamed-chunk-11-1.png"/>
  </item>
  <item item-type="manuscript-supporting-file">
    <instance media-type="image/png" xlink:href="a_col_Ag_RF_regression_files/figure-jats/unnamed-chunk-18-1.png"/>
  </item>
  <item item-type="manuscript-supporting-file">
    <instance media-type="image/png" xlink:href="Zn_Forest_RF_regression_files/figure-jats/unnamed-chunk-4-1.png"/>
  </item>
  <item item-type="manuscript-supporting-file">
    <instance media-type="image/png" xlink:href="Zn_Forest_RF_regression_files/figure-jats/unnamed-chunk-12-1.png"/>
  </item>
  <item item-type="manuscript-supporting-file">
    <instance media-type="image/png" xlink:href="Zn_Forest_RF_regression_files/figure-jats/unnamed-chunk-9-1.png"/>
  </item>
  <item item-type="manuscript-supporting-file">
    <instance media-type="image/png" xlink:href="Zn_Forest_RF_regression_files/figure-jats/unnamed-chunk-11-1.png"/>
  </item>
  <item item-type="manuscript-supporting-file">
    <instance media-type="image/png" xlink:href="Zn_Forest_RF_regression_files/figure-jats/unnamed-chunk-18-1.png"/>
  </item>
  <item item-type="manuscript-supporting-file">
    <instance media-type="image/png" xlink:href="U_Ag_RF_regression_files/figure-jats/unnamed-chunk-4-1.png"/>
  </item>
  <item item-type="manuscript-supporting-file">
    <instance media-type="image/png" xlink:href="U_Ag_RF_regression_files/figure-jats/unnamed-chunk-12-1.png"/>
  </item>
  <item item-type="manuscript-supporting-file">
    <instance media-type="image/png" xlink:href="U_Ag_RF_regression_files/figure-jats/unnamed-chunk-9-1.png"/>
  </item>
  <item item-type="manuscript-supporting-file">
    <instance media-type="image/png" xlink:href="U_Ag_RF_regression_files/figure-jats/unnamed-chunk-11-1.png"/>
  </item>
  <item item-type="manuscript-supporting-file">
    <instance media-type="image/png" xlink:href="U_Ag_RF_regression_files/figure-jats/unnamed-chunk-18-1.png"/>
  </item>
  <item item-type="manuscript-supporting-file">
    <instance media-type="image/png" xlink:href="h_col_Ag_RF_regression_files/figure-jats/unnamed-chunk-4-1.png"/>
  </item>
  <item item-type="manuscript-supporting-file">
    <instance media-type="image/png" xlink:href="h_col_Ag_RF_regression_files/figure-jats/unnamed-chunk-12-1.png"/>
  </item>
  <item item-type="manuscript-supporting-file">
    <instance media-type="image/png" xlink:href="h_col_Ag_RF_regression_files/figure-jats/unnamed-chunk-9-1.png"/>
  </item>
  <item item-type="manuscript-supporting-file">
    <instance media-type="image/png" xlink:href="h_col_Ag_RF_regression_files/figure-jats/unnamed-chunk-11-1.png"/>
  </item>
  <item item-type="manuscript-supporting-file">
    <instance media-type="image/png" xlink:href="h_col_Ag_RF_regression_files/figure-jats/unnamed-chunk-18-1.png"/>
  </item>
  <item item-type="manuscript-supporting-file">
    <instance media-type="image/png" xlink:href="_tex/index_files/figure-latex/notebooks-soil_property_maps-fig-ag_map2-output-1.png"/>
  </item>
  <item item-type="manuscript-supporting-file">
    <instance media-type="image/png" xlink:href="_tex/index_files/figure-latex/notebooks-univariate_summary-cell-8-output-1.png"/>
  </item>
  <item item-type="manuscript-supporting-file">
    <instance media-type="image/png" xlink:href="_tex/index_files/figure-latex/notebooks-RF_results-fig-rf-results-output-1.png"/>
  </item>
  <item item-type="manuscript-supporting-file">
    <instance media-type="image/png" xlink:href="_tex/index_files/figure-latex/notebooks-univariate_summary-cell-15-output-1.png"/>
  </item>
  <item item-type="manuscript-supporting-file">
    <instance media-type="image/png" xlink:href="_tex/index_files/figure-latex/notebooks-soil_property_maps-fig-ag_map-output-1.png"/>
  </item>
  <item item-type="manuscript-supporting-file">
    <instance media-type="image/png" xlink:href="_tex/index_files/figure-latex/notebooks-soil_property_maps-fig-forest_map2-output-1.png"/>
  </item>
  <item item-type="manuscript-supporting-file">
    <instance media-type="image/png" xlink:href="_tex/index_files/figure-latex/notebooks-location_map-fig-location_map-output-2.png"/>
  </item>
  <item item-type="manuscript-supporting-file">
    <instance media-type="image/png" xlink:href="_tex/index_files/figure-latex/notebooks-univariate_summary-cell-16-output-1.png"/>
  </item>
  <item item-type="manuscript-supporting-file">
    <instance media-type="image/png" xlink:href="_tex/index_files/figure-latex/notebooks-soil_property_maps-fig-forest_map-output-1.png"/>
  </item>
  <item item-type="manuscript-supporting-file">
    <instance media-type="image/png" xlink:href="_tex/index_files/figure-latex/notebooks-univariate_summary-cell-12-output-1.png"/>
  </item>
  <item item-type="manuscript-supporting-file">
    <instance media-type="image/png" xlink:href="_tex/images/geo_summary.png"/>
  </item>
  <item item-type="manuscript-supporting-file">
    <instance media-type="image/png" xlink:href="_tex/images/colour_summary.png"/>
  </item>
  <item item-type="manuscript-supporting-file">
    <instance media-type="application/octet-stream" xlink:href="_tex/elsarticle.cls"/>
  </item>
  <item item-type="manuscript-supporting-file">
    <instance media-type="application/octet-stream" xlink:href="_tex/references.bib"/>
  </item>
  <item item-type="manuscript-supporting-file">
    <instance media-type="image/png" xlink:href="images/geo_summary.png"/>
  </item>
  <item item-type="manuscript-supporting-file">
    <instance media-type="image/png" xlink:href="images/colour_summary.png"/>
  </item>
  <item item-type="manuscript-supporting-file">
    <instance media-type="application/octet-stream" xlink:href="notebooks/univariate_summary.qmd"/>
  </item>
  <item item-type="manuscript-supporting-file">
    <instance media-type="application/octet-stream" xlink:href="notebooks/v_col_Forest_RF_regression.qmd"/>
  </item>
  <item item-type="manuscript-supporting-file">
    <instance media-type="application/octet-stream" xlink:href="notebooks/RF_results.qmd"/>
  </item>
  <item item-type="manuscript-supporting-file">
    <instance media-type="application/octet-stream" xlink:href="notebooks/Li_Forest_RF_regression.qmd"/>
  </item>
  <item item-type="manuscript-supporting-file">
    <instance media-type="application/octet-stream" xlink:href="notebooks/Ca_Ag_RF_regression.qmd"/>
  </item>
  <item item-type="manuscript-supporting-file">
    <instance media-type="application/octet-stream" xlink:href="notebooks/soil_property_maps.qmd"/>
  </item>
  <item item-type="manuscript-supporting-file">
    <instance media-type="application/octet-stream" xlink:href="notebooks/semivariogram.qmd"/>
  </item>
  <item item-type="manuscript-supporting-file">
    <instance media-type="application/octet-stream" xlink:href="notebooks/Nb_Forest_RF_regression.qmd"/>
  </item>
  <item item-type="manuscript-supporting-file">
    <instance media-type="application/octet-stream" xlink:href="notebooks/location_map.qmd"/>
  </item>
  <item item-type="manuscript-supporting-file">
    <instance media-type="application/octet-stream" xlink:href="notebooks/Mo_Ag_RF_regression.qmd"/>
  </item>
  <item item-type="manuscript-supporting-file">
    <instance media-type="application/octet-stream" xlink:href="notebooks/l_col_Forest_RF_regression.qmd"/>
  </item>
  <item item-type="manuscript-supporting-file">
    <instance media-type="application/octet-stream" xlink:href="notebooks/c_col_Ag_RF_regression.qmd"/>
  </item>
  <item item-type="manuscript-supporting-file">
    <instance media-type="application/octet-stream" xlink:href="notebooks/h_col_Forest_RF_regression.qmd"/>
  </item>
  <item item-type="manuscript-supporting-file">
    <instance media-type="application/octet-stream" xlink:href="notebooks/a_col_Ag_RF_regression.qmd"/>
  </item>
  <item item-type="manuscript-supporting-file">
    <instance media-type="application/octet-stream" xlink:href="notebooks/Zn_Forest_RF_regression.qmd"/>
  </item>
  <item item-type="manuscript-supporting-file">
    <instance media-type="application/octet-stream" xlink:href="notebooks/U_Ag_RF_regression.qmd"/>
  </item>
  <item item-type="manuscript-supporting-file">
    <instance media-type="application/octet-stream" xlink:href="notebooks/h_col_Ag_RF_regression.qmd"/>
  </item>
  <item item-type="article-source">
    <instance media-type="application/octet-stream" xlink:href="source/.github/workflows/publish.yml"/>
  </item>
  <item item-type="article-source">
    <instance media-type="application/octet-stream" xlink:href="source/.gitignore"/>
  </item>
  <item item-type="article-source">
    <instance media-type="text/markdown" xlink:href="source/README.md"/>
  </item>
  <item item-type="article-source">
    <instance media-type="application/octet-stream" xlink:href="source/X1_clean.R"/>
  </item>
  <item item-type="article-source">
    <instance media-type="application/octet-stream" xlink:href="source/_extensions/quarto-journals/agu/_extension.yml"/>
  </item>
  <item item-type="article-source">
    <instance media-type="application/octet-stream" xlink:href="source/_extensions/quarto-journals/agu/agu.lua"/>
  </item>
  <item item-type="article-source">
    <instance media-type="application/octet-stream" xlink:href="source/_extensions/quarto-journals/agu/agujournal2019.cls"/>
  </item>
  <item item-type="article-source">
    <instance media-type="application/octet-stream" xlink:href="source/_extensions/quarto-journals/agu/american-geophysical-union.csl"/>
  </item>
  <item item-type="article-source">
    <instance media-type="text/plain" xlink:href="source/_extensions/quarto-journals/agu/partials/_affiliations.tex"/>
  </item>
  <item item-type="article-source">
    <instance media-type="text/plain" xlink:href="source/_extensions/quarto-journals/agu/partials/_authors.tex"/>
  </item>
  <item item-type="article-source">
    <instance media-type="text/plain" xlink:href="source/_extensions/quarto-journals/agu/partials/_corresponding-author.tex"/>
  </item>
  <item item-type="article-source">
    <instance media-type="text/plain" xlink:href="source/_extensions/quarto-journals/agu/partials/before-body.tex"/>
  </item>
  <item item-type="article-source">
    <instance media-type="text/plain" xlink:href="source/_extensions/quarto-journals/agu/partials/title.tex"/>
  </item>
  <item item-type="article-source">
    <instance media-type="application/octet-stream" xlink:href="source/_extensions/quarto-journals/agu/trackchanges.sty"/>
  </item>
  <item item-type="article-source">
    <instance media-type="application/octet-stream" xlink:href="source/_extensions/quarto-journals/elsevier/_extension.yml"/>
  </item>
  <item item-type="article-source">
    <instance media-type="application/octet-stream" xlink:href="source/_extensions/quarto-journals/elsevier/bib/elsarticle-harv.bst"/>
  </item>
  <item item-type="article-source">
    <instance media-type="application/octet-stream" xlink:href="source/_extensions/quarto-journals/elsevier/bib/elsarticle-num-names.bst"/>
  </item>
  <item item-type="article-source">
    <instance media-type="application/octet-stream" xlink:href="source/_extensions/quarto-journals/elsevier/bib/elsarticle-num.bst"/>
  </item>
  <item item-type="article-source">
    <instance media-type="application/octet-stream" xlink:href="source/_extensions/quarto-journals/elsevier/bib/elsevier-harvard.csl"/>
  </item>
  <item item-type="article-source">
    <instance media-type="application/octet-stream" xlink:href="source/_extensions/quarto-journals/elsevier/elsarticle.cls"/>
  </item>
  <item item-type="article-source">
    <instance media-type="application/octet-stream" xlink:href="source/_extensions/quarto-journals/elsevier/elsevier.lua"/>
  </item>
  <item item-type="article-source">
    <instance media-type="text/plain" xlink:href="source/_extensions/quarto-journals/elsevier/partials/_two-column-longtable.tex"/>
  </item>
  <item item-type="article-source">
    <instance media-type="text/plain" xlink:href="source/_extensions/quarto-journals/elsevier/partials/before-body.tex"/>
  </item>
  <item item-type="article-source">
    <instance media-type="text/plain" xlink:href="source/_extensions/quarto-journals/elsevier/partials/title.tex"/>
  </item>
  <item item-type="article-source">
    <instance media-type="application/octet-stream" xlink:href="source/_extensions/quarto-journals/elsevier/styles/elsevier.scss"/>
  </item>
  <item item-type="article-source">
    <instance media-type="application/json" xlink:href="source/_freeze/index/execute-results/docx.json"/>
  </item>
  <item item-type="article-source">
    <instance media-type="application/json" xlink:href="source/_freeze/index/execute-results/html.json"/>
  </item>
  <item item-type="article-source">
    <instance media-type="application/json" xlink:href="source/_freeze/index/execute-results/tex.json"/>
  </item>
  <item item-type="article-source">
    <instance media-type="application/json" xlink:href="source/_freeze/index/execute-results/xml.json"/>
  </item>
  <item item-type="article-source">
    <instance media-type="image/png" xlink:href="source/_freeze/index/figure-docx/fig-spatial-plot-output-1.png"/>
  </item>
  <item item-type="article-source">
    <instance media-type="image/png" xlink:href="source/_freeze/index/figure-docx/fig-timeline-1.png"/>
  </item>
  <item item-type="article-source">
    <instance media-type="image/png" xlink:href="source/_freeze/index/figure-html/fig-spatial-plot-output-1.png"/>
  </item>
  <item item-type="article-source">
    <instance media-type="image/png" xlink:href="source/_freeze/index/figure-html/fig-timeline-1.png"/>
  </item>
  <item item-type="article-source">
    <instance media-type="image/png" xlink:href="source/_freeze/index/figure-ipynb/fig-spatial-plot-output-1.png"/>
  </item>
  <item item-type="article-source">
    <instance media-type="image/png" xlink:href="source/_freeze/index/figure-jats/fig-spatial-plot-output-1.png"/>
  </item>
  <item item-type="article-source">
    <instance media-type="image/png" xlink:href="source/_freeze/index/figure-jats/fig-timeline-1.png"/>
  </item>
  <item item-type="article-source">
    <instance media-type="application/pdf" xlink:href="source/_freeze/index/figure-pdf/fig-timeline-1.pdf"/>
  </item>
  <item item-type="article-source">
    <instance media-type="application/json" xlink:href="source/_freeze/notebooks/Ca_Ag_RF_regression/execute-results/html.json"/>
  </item>
  <item item-type="article-source">
    <instance media-type="application/json" xlink:href="source/_freeze/notebooks/Ca_Ag_RF_regression/execute-results/xml.json"/>
  </item>
  <item item-type="article-source">
    <instance media-type="image/png" xlink:href="source/_freeze/notebooks/Ca_Ag_RF_regression/figure-html/unnamed-chunk-10-1.png"/>
  </item>
  <item item-type="article-source">
    <instance media-type="image/png" xlink:href="source/_freeze/notebooks/Ca_Ag_RF_regression/figure-html/unnamed-chunk-11-1.png"/>
  </item>
  <item item-type="article-source">
    <instance media-type="image/png" xlink:href="source/_freeze/notebooks/Ca_Ag_RF_regression/figure-html/unnamed-chunk-12-1.png"/>
  </item>
  <item item-type="article-source">
    <instance media-type="image/png" xlink:href="source/_freeze/notebooks/Ca_Ag_RF_regression/figure-html/unnamed-chunk-16-1.png"/>
  </item>
  <item item-type="article-source">
    <instance media-type="image/png" xlink:href="source/_freeze/notebooks/Ca_Ag_RF_regression/figure-html/unnamed-chunk-18-1.png"/>
  </item>
  <item item-type="article-source">
    <instance media-type="image/png" xlink:href="source/_freeze/notebooks/Ca_Ag_RF_regression/figure-html/unnamed-chunk-4-1.png"/>
  </item>
  <item item-type="article-source">
    <instance media-type="image/png" xlink:href="source/_freeze/notebooks/Ca_Ag_RF_regression/figure-html/unnamed-chunk-7-1.png"/>
  </item>
  <item item-type="article-source">
    <instance media-type="image/png" xlink:href="source/_freeze/notebooks/Ca_Ag_RF_regression/figure-html/unnamed-chunk-9-1.png"/>
  </item>
  <item item-type="article-source">
    <instance media-type="image/png" xlink:href="source/_freeze/notebooks/Ca_Ag_RF_regression/figure-jats/unnamed-chunk-11-1.png"/>
  </item>
  <item item-type="article-source">
    <instance media-type="image/png" xlink:href="source/_freeze/notebooks/Ca_Ag_RF_regression/figure-jats/unnamed-chunk-12-1.png"/>
  </item>
  <item item-type="article-source">
    <instance media-type="image/png" xlink:href="source/_freeze/notebooks/Ca_Ag_RF_regression/figure-jats/unnamed-chunk-18-1.png"/>
  </item>
  <item item-type="article-source">
    <instance media-type="image/png" xlink:href="source/_freeze/notebooks/Ca_Ag_RF_regression/figure-jats/unnamed-chunk-4-1.png"/>
  </item>
  <item item-type="article-source">
    <instance media-type="image/png" xlink:href="source/_freeze/notebooks/Ca_Ag_RF_regression/figure-jats/unnamed-chunk-9-1.png"/>
  </item>
  <item item-type="article-source">
    <instance media-type="application/json" xlink:href="source/_freeze/notebooks/Li_Forest_RF_regression/execute-results/html.json"/>
  </item>
  <item item-type="article-source">
    <instance media-type="application/json" xlink:href="source/_freeze/notebooks/Li_Forest_RF_regression/execute-results/xml.json"/>
  </item>
  <item item-type="article-source">
    <instance media-type="image/png" xlink:href="source/_freeze/notebooks/Li_Forest_RF_regression/figure-html/unnamed-chunk-10-1.png"/>
  </item>
  <item item-type="article-source">
    <instance media-type="image/png" xlink:href="source/_freeze/notebooks/Li_Forest_RF_regression/figure-html/unnamed-chunk-11-1.png"/>
  </item>
  <item item-type="article-source">
    <instance media-type="image/png" xlink:href="source/_freeze/notebooks/Li_Forest_RF_regression/figure-html/unnamed-chunk-12-1.png"/>
  </item>
  <item item-type="article-source">
    <instance media-type="image/png" xlink:href="source/_freeze/notebooks/Li_Forest_RF_regression/figure-html/unnamed-chunk-16-1.png"/>
  </item>
  <item item-type="article-source">
    <instance media-type="image/png" xlink:href="source/_freeze/notebooks/Li_Forest_RF_regression/figure-html/unnamed-chunk-18-1.png"/>
  </item>
  <item item-type="article-source">
    <instance media-type="image/png" xlink:href="source/_freeze/notebooks/Li_Forest_RF_regression/figure-html/unnamed-chunk-4-1.png"/>
  </item>
  <item item-type="article-source">
    <instance media-type="image/png" xlink:href="source/_freeze/notebooks/Li_Forest_RF_regression/figure-html/unnamed-chunk-7-1.png"/>
  </item>
  <item item-type="article-source">
    <instance media-type="image/png" xlink:href="source/_freeze/notebooks/Li_Forest_RF_regression/figure-html/unnamed-chunk-9-1.png"/>
  </item>
  <item item-type="article-source">
    <instance media-type="image/png" xlink:href="source/_freeze/notebooks/Li_Forest_RF_regression/figure-jats/unnamed-chunk-11-1.png"/>
  </item>
  <item item-type="article-source">
    <instance media-type="image/png" xlink:href="source/_freeze/notebooks/Li_Forest_RF_regression/figure-jats/unnamed-chunk-12-1.png"/>
  </item>
  <item item-type="article-source">
    <instance media-type="image/png" xlink:href="source/_freeze/notebooks/Li_Forest_RF_regression/figure-jats/unnamed-chunk-18-1.png"/>
  </item>
  <item item-type="article-source">
    <instance media-type="image/png" xlink:href="source/_freeze/notebooks/Li_Forest_RF_regression/figure-jats/unnamed-chunk-4-1.png"/>
  </item>
  <item item-type="article-source">
    <instance media-type="image/png" xlink:href="source/_freeze/notebooks/Li_Forest_RF_regression/figure-jats/unnamed-chunk-9-1.png"/>
  </item>
  <item item-type="article-source">
    <instance media-type="application/json" xlink:href="source/_freeze/notebooks/Mo_Ag_RF_regression/execute-results/html.json"/>
  </item>
  <item item-type="article-source">
    <instance media-type="application/json" xlink:href="source/_freeze/notebooks/Mo_Ag_RF_regression/execute-results/xml.json"/>
  </item>
  <item item-type="article-source">
    <instance media-type="image/png" xlink:href="source/_freeze/notebooks/Mo_Ag_RF_regression/figure-html/unnamed-chunk-10-1.png"/>
  </item>
  <item item-type="article-source">
    <instance media-type="image/png" xlink:href="source/_freeze/notebooks/Mo_Ag_RF_regression/figure-html/unnamed-chunk-11-1.png"/>
  </item>
  <item item-type="article-source">
    <instance media-type="image/png" xlink:href="source/_freeze/notebooks/Mo_Ag_RF_regression/figure-html/unnamed-chunk-12-1.png"/>
  </item>
  <item item-type="article-source">
    <instance media-type="image/png" xlink:href="source/_freeze/notebooks/Mo_Ag_RF_regression/figure-html/unnamed-chunk-16-1.png"/>
  </item>
  <item item-type="article-source">
    <instance media-type="image/png" xlink:href="source/_freeze/notebooks/Mo_Ag_RF_regression/figure-html/unnamed-chunk-18-1.png"/>
  </item>
  <item item-type="article-source">
    <instance media-type="image/png" xlink:href="source/_freeze/notebooks/Mo_Ag_RF_regression/figure-html/unnamed-chunk-4-1.png"/>
  </item>
  <item item-type="article-source">
    <instance media-type="image/png" xlink:href="source/_freeze/notebooks/Mo_Ag_RF_regression/figure-html/unnamed-chunk-7-1.png"/>
  </item>
  <item item-type="article-source">
    <instance media-type="image/png" xlink:href="source/_freeze/notebooks/Mo_Ag_RF_regression/figure-html/unnamed-chunk-9-1.png"/>
  </item>
  <item item-type="article-source">
    <instance media-type="image/png" xlink:href="source/_freeze/notebooks/Mo_Ag_RF_regression/figure-jats/unnamed-chunk-11-1.png"/>
  </item>
  <item item-type="article-source">
    <instance media-type="image/png" xlink:href="source/_freeze/notebooks/Mo_Ag_RF_regression/figure-jats/unnamed-chunk-12-1.png"/>
  </item>
  <item item-type="article-source">
    <instance media-type="image/png" xlink:href="source/_freeze/notebooks/Mo_Ag_RF_regression/figure-jats/unnamed-chunk-18-1.png"/>
  </item>
  <item item-type="article-source">
    <instance media-type="image/png" xlink:href="source/_freeze/notebooks/Mo_Ag_RF_regression/figure-jats/unnamed-chunk-4-1.png"/>
  </item>
  <item item-type="article-source">
    <instance media-type="image/png" xlink:href="source/_freeze/notebooks/Mo_Ag_RF_regression/figure-jats/unnamed-chunk-9-1.png"/>
  </item>
  <item item-type="article-source">
    <instance media-type="application/json" xlink:href="source/_freeze/notebooks/Nb_Forest_RF_regression/execute-results/html.json"/>
  </item>
  <item item-type="article-source">
    <instance media-type="application/json" xlink:href="source/_freeze/notebooks/Nb_Forest_RF_regression/execute-results/xml.json"/>
  </item>
  <item item-type="article-source">
    <instance media-type="image/png" xlink:href="source/_freeze/notebooks/Nb_Forest_RF_regression/figure-html/unnamed-chunk-10-1.png"/>
  </item>
  <item item-type="article-source">
    <instance media-type="image/png" xlink:href="source/_freeze/notebooks/Nb_Forest_RF_regression/figure-html/unnamed-chunk-11-1.png"/>
  </item>
  <item item-type="article-source">
    <instance media-type="image/png" xlink:href="source/_freeze/notebooks/Nb_Forest_RF_regression/figure-html/unnamed-chunk-12-1.png"/>
  </item>
  <item item-type="article-source">
    <instance media-type="image/png" xlink:href="source/_freeze/notebooks/Nb_Forest_RF_regression/figure-html/unnamed-chunk-16-1.png"/>
  </item>
  <item item-type="article-source">
    <instance media-type="image/png" xlink:href="source/_freeze/notebooks/Nb_Forest_RF_regression/figure-html/unnamed-chunk-18-1.png"/>
  </item>
  <item item-type="article-source">
    <instance media-type="image/png" xlink:href="source/_freeze/notebooks/Nb_Forest_RF_regression/figure-html/unnamed-chunk-4-1.png"/>
  </item>
  <item item-type="article-source">
    <instance media-type="image/png" xlink:href="source/_freeze/notebooks/Nb_Forest_RF_regression/figure-html/unnamed-chunk-7-1.png"/>
  </item>
  <item item-type="article-source">
    <instance media-type="image/png" xlink:href="source/_freeze/notebooks/Nb_Forest_RF_regression/figure-html/unnamed-chunk-9-1.png"/>
  </item>
  <item item-type="article-source">
    <instance media-type="image/png" xlink:href="source/_freeze/notebooks/Nb_Forest_RF_regression/figure-jats/unnamed-chunk-11-1.png"/>
  </item>
  <item item-type="article-source">
    <instance media-type="image/png" xlink:href="source/_freeze/notebooks/Nb_Forest_RF_regression/figure-jats/unnamed-chunk-12-1.png"/>
  </item>
  <item item-type="article-source">
    <instance media-type="image/png" xlink:href="source/_freeze/notebooks/Nb_Forest_RF_regression/figure-jats/unnamed-chunk-18-1.png"/>
  </item>
  <item item-type="article-source">
    <instance media-type="image/png" xlink:href="source/_freeze/notebooks/Nb_Forest_RF_regression/figure-jats/unnamed-chunk-4-1.png"/>
  </item>
  <item item-type="article-source">
    <instance media-type="image/png" xlink:href="source/_freeze/notebooks/Nb_Forest_RF_regression/figure-jats/unnamed-chunk-9-1.png"/>
  </item>
  <item item-type="article-source">
    <instance media-type="application/json" xlink:href="source/_freeze/notebooks/RF_results/execute-results/ipynb.json"/>
  </item>
  <item item-type="article-source">
    <instance media-type="application/json" xlink:href="source/_freeze/notebooks/RF_results/execute-results/xml.json"/>
  </item>
  <item item-type="article-source">
    <instance media-type="image/png" xlink:href="source/_freeze/notebooks/RF_results/figure-ipynb/fig-RF-results-1.png"/>
  </item>
  <item item-type="article-source">
    <instance media-type="image/png" xlink:href="source/_freeze/notebooks/RF_results/figure-jats/fig-RF-results-1.png"/>
  </item>
  <item item-type="article-source">
    <instance media-type="application/json" xlink:href="source/_freeze/notebooks/RF_table/execute-results/html.json"/>
  </item>
  <item item-type="article-source">
    <instance media-type="application/json" xlink:href="source/_freeze/notebooks/Soil_colour_maps/execute-results/html.json"/>
  </item>
  <item item-type="article-source">
    <instance media-type="image/png" xlink:href="source/_freeze/notebooks/Soil_colour_maps/figure-html/Fig-ag_map-1.png"/>
  </item>
  <item item-type="article-source">
    <instance media-type="application/json" xlink:href="source/_freeze/notebooks/U_Ag_RF_regression/execute-results/html.json"/>
  </item>
  <item item-type="article-source">
    <instance media-type="application/json" xlink:href="source/_freeze/notebooks/U_Ag_RF_regression/execute-results/xml.json"/>
  </item>
  <item item-type="article-source">
    <instance media-type="image/png" xlink:href="source/_freeze/notebooks/U_Ag_RF_regression/figure-html/unnamed-chunk-10-1.png"/>
  </item>
  <item item-type="article-source">
    <instance media-type="image/png" xlink:href="source/_freeze/notebooks/U_Ag_RF_regression/figure-html/unnamed-chunk-11-1.png"/>
  </item>
  <item item-type="article-source">
    <instance media-type="image/png" xlink:href="source/_freeze/notebooks/U_Ag_RF_regression/figure-html/unnamed-chunk-12-1.png"/>
  </item>
  <item item-type="article-source">
    <instance media-type="image/png" xlink:href="source/_freeze/notebooks/U_Ag_RF_regression/figure-html/unnamed-chunk-16-1.png"/>
  </item>
  <item item-type="article-source">
    <instance media-type="image/png" xlink:href="source/_freeze/notebooks/U_Ag_RF_regression/figure-html/unnamed-chunk-18-1.png"/>
  </item>
  <item item-type="article-source">
    <instance media-type="image/png" xlink:href="source/_freeze/notebooks/U_Ag_RF_regression/figure-html/unnamed-chunk-4-1.png"/>
  </item>
  <item item-type="article-source">
    <instance media-type="image/png" xlink:href="source/_freeze/notebooks/U_Ag_RF_regression/figure-html/unnamed-chunk-7-1.png"/>
  </item>
  <item item-type="article-source">
    <instance media-type="image/png" xlink:href="source/_freeze/notebooks/U_Ag_RF_regression/figure-html/unnamed-chunk-9-1.png"/>
  </item>
  <item item-type="article-source">
    <instance media-type="image/png" xlink:href="source/_freeze/notebooks/U_Ag_RF_regression/figure-jats/unnamed-chunk-11-1.png"/>
  </item>
  <item item-type="article-source">
    <instance media-type="image/png" xlink:href="source/_freeze/notebooks/U_Ag_RF_regression/figure-jats/unnamed-chunk-12-1.png"/>
  </item>
  <item item-type="article-source">
    <instance media-type="image/png" xlink:href="source/_freeze/notebooks/U_Ag_RF_regression/figure-jats/unnamed-chunk-18-1.png"/>
  </item>
  <item item-type="article-source">
    <instance media-type="image/png" xlink:href="source/_freeze/notebooks/U_Ag_RF_regression/figure-jats/unnamed-chunk-4-1.png"/>
  </item>
  <item item-type="article-source">
    <instance media-type="image/png" xlink:href="source/_freeze/notebooks/U_Ag_RF_regression/figure-jats/unnamed-chunk-9-1.png"/>
  </item>
  <item item-type="article-source">
    <instance media-type="application/json" xlink:href="source/_freeze/notebooks/Zn_Forest_RF_regression/execute-results/html.json"/>
  </item>
  <item item-type="article-source">
    <instance media-type="application/json" xlink:href="source/_freeze/notebooks/Zn_Forest_RF_regression/execute-results/xml.json"/>
  </item>
  <item item-type="article-source">
    <instance media-type="image/png" xlink:href="source/_freeze/notebooks/Zn_Forest_RF_regression/figure-html/unnamed-chunk-10-1.png"/>
  </item>
  <item item-type="article-source">
    <instance media-type="image/png" xlink:href="source/_freeze/notebooks/Zn_Forest_RF_regression/figure-html/unnamed-chunk-11-1.png"/>
  </item>
  <item item-type="article-source">
    <instance media-type="image/png" xlink:href="source/_freeze/notebooks/Zn_Forest_RF_regression/figure-html/unnamed-chunk-12-1.png"/>
  </item>
  <item item-type="article-source">
    <instance media-type="image/png" xlink:href="source/_freeze/notebooks/Zn_Forest_RF_regression/figure-html/unnamed-chunk-16-1.png"/>
  </item>
  <item item-type="article-source">
    <instance media-type="image/png" xlink:href="source/_freeze/notebooks/Zn_Forest_RF_regression/figure-html/unnamed-chunk-18-1.png"/>
  </item>
  <item item-type="article-source">
    <instance media-type="image/png" xlink:href="source/_freeze/notebooks/Zn_Forest_RF_regression/figure-html/unnamed-chunk-4-1.png"/>
  </item>
  <item item-type="article-source">
    <instance media-type="image/png" xlink:href="source/_freeze/notebooks/Zn_Forest_RF_regression/figure-html/unnamed-chunk-7-1.png"/>
  </item>
  <item item-type="article-source">
    <instance media-type="image/png" xlink:href="source/_freeze/notebooks/Zn_Forest_RF_regression/figure-html/unnamed-chunk-9-1.png"/>
  </item>
  <item item-type="article-source">
    <instance media-type="image/png" xlink:href="source/_freeze/notebooks/Zn_Forest_RF_regression/figure-jats/unnamed-chunk-11-1.png"/>
  </item>
  <item item-type="article-source">
    <instance media-type="image/png" xlink:href="source/_freeze/notebooks/Zn_Forest_RF_regression/figure-jats/unnamed-chunk-12-1.png"/>
  </item>
  <item item-type="article-source">
    <instance media-type="image/png" xlink:href="source/_freeze/notebooks/Zn_Forest_RF_regression/figure-jats/unnamed-chunk-18-1.png"/>
  </item>
  <item item-type="article-source">
    <instance media-type="image/png" xlink:href="source/_freeze/notebooks/Zn_Forest_RF_regression/figure-jats/unnamed-chunk-4-1.png"/>
  </item>
  <item item-type="article-source">
    <instance media-type="image/png" xlink:href="source/_freeze/notebooks/Zn_Forest_RF_regression/figure-jats/unnamed-chunk-9-1.png"/>
  </item>
  <item item-type="article-source">
    <instance media-type="application/json" xlink:href="source/_freeze/notebooks/a_col_Ag_RF_regression/execute-results/html.json"/>
  </item>
  <item item-type="article-source">
    <instance media-type="application/json" xlink:href="source/_freeze/notebooks/a_col_Ag_RF_regression/execute-results/xml.json"/>
  </item>
  <item item-type="article-source">
    <instance media-type="image/png" xlink:href="source/_freeze/notebooks/a_col_Ag_RF_regression/figure-html/unnamed-chunk-10-1.png"/>
  </item>
  <item item-type="article-source">
    <instance media-type="image/png" xlink:href="source/_freeze/notebooks/a_col_Ag_RF_regression/figure-html/unnamed-chunk-11-1.png"/>
  </item>
  <item item-type="article-source">
    <instance media-type="image/png" xlink:href="source/_freeze/notebooks/a_col_Ag_RF_regression/figure-html/unnamed-chunk-12-1.png"/>
  </item>
  <item item-type="article-source">
    <instance media-type="image/png" xlink:href="source/_freeze/notebooks/a_col_Ag_RF_regression/figure-html/unnamed-chunk-16-1.png"/>
  </item>
  <item item-type="article-source">
    <instance media-type="image/png" xlink:href="source/_freeze/notebooks/a_col_Ag_RF_regression/figure-html/unnamed-chunk-18-1.png"/>
  </item>
  <item item-type="article-source">
    <instance media-type="image/png" xlink:href="source/_freeze/notebooks/a_col_Ag_RF_regression/figure-html/unnamed-chunk-4-1.png"/>
  </item>
  <item item-type="article-source">
    <instance media-type="image/png" xlink:href="source/_freeze/notebooks/a_col_Ag_RF_regression/figure-html/unnamed-chunk-7-1.png"/>
  </item>
  <item item-type="article-source">
    <instance media-type="image/png" xlink:href="source/_freeze/notebooks/a_col_Ag_RF_regression/figure-html/unnamed-chunk-9-1.png"/>
  </item>
  <item item-type="article-source">
    <instance media-type="image/png" xlink:href="source/_freeze/notebooks/a_col_Ag_RF_regression/figure-jats/unnamed-chunk-11-1.png"/>
  </item>
  <item item-type="article-source">
    <instance media-type="image/png" xlink:href="source/_freeze/notebooks/a_col_Ag_RF_regression/figure-jats/unnamed-chunk-12-1.png"/>
  </item>
  <item item-type="article-source">
    <instance media-type="image/png" xlink:href="source/_freeze/notebooks/a_col_Ag_RF_regression/figure-jats/unnamed-chunk-18-1.png"/>
  </item>
  <item item-type="article-source">
    <instance media-type="image/png" xlink:href="source/_freeze/notebooks/a_col_Ag_RF_regression/figure-jats/unnamed-chunk-4-1.png"/>
  </item>
  <item item-type="article-source">
    <instance media-type="image/png" xlink:href="source/_freeze/notebooks/a_col_Ag_RF_regression/figure-jats/unnamed-chunk-9-1.png"/>
  </item>
  <item item-type="article-source">
    <instance media-type="application/json" xlink:href="source/_freeze/notebooks/c_col_Ag_RF_regression/execute-results/html.json"/>
  </item>
  <item item-type="article-source">
    <instance media-type="application/json" xlink:href="source/_freeze/notebooks/c_col_Ag_RF_regression/execute-results/xml.json"/>
  </item>
  <item item-type="article-source">
    <instance media-type="image/png" xlink:href="source/_freeze/notebooks/c_col_Ag_RF_regression/figure-html/unnamed-chunk-10-1.png"/>
  </item>
  <item item-type="article-source">
    <instance media-type="image/png" xlink:href="source/_freeze/notebooks/c_col_Ag_RF_regression/figure-html/unnamed-chunk-11-1.png"/>
  </item>
  <item item-type="article-source">
    <instance media-type="image/png" xlink:href="source/_freeze/notebooks/c_col_Ag_RF_regression/figure-html/unnamed-chunk-12-1.png"/>
  </item>
  <item item-type="article-source">
    <instance media-type="image/png" xlink:href="source/_freeze/notebooks/c_col_Ag_RF_regression/figure-html/unnamed-chunk-16-1.png"/>
  </item>
  <item item-type="article-source">
    <instance media-type="image/png" xlink:href="source/_freeze/notebooks/c_col_Ag_RF_regression/figure-html/unnamed-chunk-18-1.png"/>
  </item>
  <item item-type="article-source">
    <instance media-type="image/png" xlink:href="source/_freeze/notebooks/c_col_Ag_RF_regression/figure-html/unnamed-chunk-4-1.png"/>
  </item>
  <item item-type="article-source">
    <instance media-type="image/png" xlink:href="source/_freeze/notebooks/c_col_Ag_RF_regression/figure-html/unnamed-chunk-7-1.png"/>
  </item>
  <item item-type="article-source">
    <instance media-type="image/png" xlink:href="source/_freeze/notebooks/c_col_Ag_RF_regression/figure-html/unnamed-chunk-9-1.png"/>
  </item>
  <item item-type="article-source">
    <instance media-type="image/png" xlink:href="source/_freeze/notebooks/c_col_Ag_RF_regression/figure-jats/unnamed-chunk-11-1.png"/>
  </item>
  <item item-type="article-source">
    <instance media-type="image/png" xlink:href="source/_freeze/notebooks/c_col_Ag_RF_regression/figure-jats/unnamed-chunk-12-1.png"/>
  </item>
  <item item-type="article-source">
    <instance media-type="image/png" xlink:href="source/_freeze/notebooks/c_col_Ag_RF_regression/figure-jats/unnamed-chunk-18-1.png"/>
  </item>
  <item item-type="article-source">
    <instance media-type="image/png" xlink:href="source/_freeze/notebooks/c_col_Ag_RF_regression/figure-jats/unnamed-chunk-4-1.png"/>
  </item>
  <item item-type="article-source">
    <instance media-type="image/png" xlink:href="source/_freeze/notebooks/c_col_Ag_RF_regression/figure-jats/unnamed-chunk-9-1.png"/>
  </item>
  <item item-type="article-source">
    <instance media-type="application/json" xlink:href="source/_freeze/notebooks/explore-earthquakes/execute-results/html.json"/>
  </item>
  <item item-type="article-source">
    <instance media-type="application/json" xlink:href="source/_freeze/notebooks/explore-earthquakes/execute-results/ipynb.json"/>
  </item>
  <item item-type="article-source">
    <instance media-type="application/json" xlink:href="source/_freeze/notebooks/explore-earthquakes/execute-results/xml.json"/>
  </item>
  <item item-type="article-source">
    <instance media-type="image/png" xlink:href="source/_freeze/notebooks/explore-earthquakes/figure-html/fig-spatial-plot-1.png"/>
  </item>
  <item item-type="article-source">
    <instance media-type="image/png" xlink:href="source/_freeze/notebooks/explore-earthquakes/figure-ipynb/fig-spatial-plot-1.png"/>
  </item>
  <item item-type="article-source">
    <instance media-type="image/png" xlink:href="source/_freeze/notebooks/explore-earthquakes/figure-jats/fig-spatial-plot-1.png"/>
  </item>
  <item item-type="article-source">
    <instance media-type="application/json" xlink:href="source/_freeze/notebooks/h_col_Ag_RF_regression/execute-results/html.json"/>
  </item>
  <item item-type="article-source">
    <instance media-type="application/json" xlink:href="source/_freeze/notebooks/h_col_Ag_RF_regression/execute-results/xml.json"/>
  </item>
  <item item-type="article-source">
    <instance media-type="image/png" xlink:href="source/_freeze/notebooks/h_col_Ag_RF_regression/figure-html/unnamed-chunk-10-1.png"/>
  </item>
  <item item-type="article-source">
    <instance media-type="image/png" xlink:href="source/_freeze/notebooks/h_col_Ag_RF_regression/figure-html/unnamed-chunk-11-1.png"/>
  </item>
  <item item-type="article-source">
    <instance media-type="image/png" xlink:href="source/_freeze/notebooks/h_col_Ag_RF_regression/figure-html/unnamed-chunk-12-1.png"/>
  </item>
  <item item-type="article-source">
    <instance media-type="image/png" xlink:href="source/_freeze/notebooks/h_col_Ag_RF_regression/figure-html/unnamed-chunk-16-1.png"/>
  </item>
  <item item-type="article-source">
    <instance media-type="image/png" xlink:href="source/_freeze/notebooks/h_col_Ag_RF_regression/figure-html/unnamed-chunk-18-1.png"/>
  </item>
  <item item-type="article-source">
    <instance media-type="image/png" xlink:href="source/_freeze/notebooks/h_col_Ag_RF_regression/figure-html/unnamed-chunk-4-1.png"/>
  </item>
  <item item-type="article-source">
    <instance media-type="image/png" xlink:href="source/_freeze/notebooks/h_col_Ag_RF_regression/figure-html/unnamed-chunk-7-1.png"/>
  </item>
  <item item-type="article-source">
    <instance media-type="image/png" xlink:href="source/_freeze/notebooks/h_col_Ag_RF_regression/figure-html/unnamed-chunk-9-1.png"/>
  </item>
  <item item-type="article-source">
    <instance media-type="image/png" xlink:href="source/_freeze/notebooks/h_col_Ag_RF_regression/figure-jats/unnamed-chunk-11-1.png"/>
  </item>
  <item item-type="article-source">
    <instance media-type="image/png" xlink:href="source/_freeze/notebooks/h_col_Ag_RF_regression/figure-jats/unnamed-chunk-12-1.png"/>
  </item>
  <item item-type="article-source">
    <instance media-type="image/png" xlink:href="source/_freeze/notebooks/h_col_Ag_RF_regression/figure-jats/unnamed-chunk-18-1.png"/>
  </item>
  <item item-type="article-source">
    <instance media-type="image/png" xlink:href="source/_freeze/notebooks/h_col_Ag_RF_regression/figure-jats/unnamed-chunk-4-1.png"/>
  </item>
  <item item-type="article-source">
    <instance media-type="image/png" xlink:href="source/_freeze/notebooks/h_col_Ag_RF_regression/figure-jats/unnamed-chunk-9-1.png"/>
  </item>
  <item item-type="article-source">
    <instance media-type="application/json" xlink:href="source/_freeze/notebooks/h_col_Forest_RF_regression/execute-results/html.json"/>
  </item>
  <item item-type="article-source">
    <instance media-type="application/json" xlink:href="source/_freeze/notebooks/h_col_Forest_RF_regression/execute-results/xml.json"/>
  </item>
  <item item-type="article-source">
    <instance media-type="image/png" xlink:href="source/_freeze/notebooks/h_col_Forest_RF_regression/figure-html/unnamed-chunk-10-1.png"/>
  </item>
  <item item-type="article-source">
    <instance media-type="image/png" xlink:href="source/_freeze/notebooks/h_col_Forest_RF_regression/figure-html/unnamed-chunk-11-1.png"/>
  </item>
  <item item-type="article-source">
    <instance media-type="image/png" xlink:href="source/_freeze/notebooks/h_col_Forest_RF_regression/figure-html/unnamed-chunk-12-1.png"/>
  </item>
  <item item-type="article-source">
    <instance media-type="image/png" xlink:href="source/_freeze/notebooks/h_col_Forest_RF_regression/figure-html/unnamed-chunk-13-1.png"/>
  </item>
  <item item-type="article-source">
    <instance media-type="image/png" xlink:href="source/_freeze/notebooks/h_col_Forest_RF_regression/figure-html/unnamed-chunk-16-1.png"/>
  </item>
  <item item-type="article-source">
    <instance media-type="image/png" xlink:href="source/_freeze/notebooks/h_col_Forest_RF_regression/figure-html/unnamed-chunk-17-1.png"/>
  </item>
  <item item-type="article-source">
    <instance media-type="image/png" xlink:href="source/_freeze/notebooks/h_col_Forest_RF_regression/figure-html/unnamed-chunk-18-1.png"/>
  </item>
  <item item-type="article-source">
    <instance media-type="image/png" xlink:href="source/_freeze/notebooks/h_col_Forest_RF_regression/figure-html/unnamed-chunk-19-1.png"/>
  </item>
  <item item-type="article-source">
    <instance media-type="image/png" xlink:href="source/_freeze/notebooks/h_col_Forest_RF_regression/figure-html/unnamed-chunk-3-1.png"/>
  </item>
  <item item-type="article-source">
    <instance media-type="image/png" xlink:href="source/_freeze/notebooks/h_col_Forest_RF_regression/figure-html/unnamed-chunk-4-1.png"/>
  </item>
  <item item-type="article-source">
    <instance media-type="image/png" xlink:href="source/_freeze/notebooks/h_col_Forest_RF_regression/figure-html/unnamed-chunk-5-1.png"/>
  </item>
  <item item-type="article-source">
    <instance media-type="image/png" xlink:href="source/_freeze/notebooks/h_col_Forest_RF_regression/figure-html/unnamed-chunk-7-1.png"/>
  </item>
  <item item-type="article-source">
    <instance media-type="image/png" xlink:href="source/_freeze/notebooks/h_col_Forest_RF_regression/figure-html/unnamed-chunk-8-1.png"/>
  </item>
  <item item-type="article-source">
    <instance media-type="image/png" xlink:href="source/_freeze/notebooks/h_col_Forest_RF_regression/figure-html/unnamed-chunk-9-1.png"/>
  </item>
  <item item-type="article-source">
    <instance media-type="image/png" xlink:href="source/_freeze/notebooks/h_col_Forest_RF_regression/figure-jats/unnamed-chunk-11-1.png"/>
  </item>
  <item item-type="article-source">
    <instance media-type="image/png" xlink:href="source/_freeze/notebooks/h_col_Forest_RF_regression/figure-jats/unnamed-chunk-12-1.png"/>
  </item>
  <item item-type="article-source">
    <instance media-type="image/png" xlink:href="source/_freeze/notebooks/h_col_Forest_RF_regression/figure-jats/unnamed-chunk-18-1.png"/>
  </item>
  <item item-type="article-source">
    <instance media-type="image/png" xlink:href="source/_freeze/notebooks/h_col_Forest_RF_regression/figure-jats/unnamed-chunk-4-1.png"/>
  </item>
  <item item-type="article-source">
    <instance media-type="image/png" xlink:href="source/_freeze/notebooks/h_col_Forest_RF_regression/figure-jats/unnamed-chunk-9-1.png"/>
  </item>
  <item item-type="article-source">
    <instance media-type="application/json" xlink:href="source/_freeze/notebooks/l_col_Forest_RF_regression/execute-results/html.json"/>
  </item>
  <item item-type="article-source">
    <instance media-type="application/json" xlink:href="source/_freeze/notebooks/l_col_Forest_RF_regression/execute-results/xml.json"/>
  </item>
  <item item-type="article-source">
    <instance media-type="image/png" xlink:href="source/_freeze/notebooks/l_col_Forest_RF_regression/figure-html/unnamed-chunk-10-1.png"/>
  </item>
  <item item-type="article-source">
    <instance media-type="image/png" xlink:href="source/_freeze/notebooks/l_col_Forest_RF_regression/figure-html/unnamed-chunk-11-1.png"/>
  </item>
  <item item-type="article-source">
    <instance media-type="image/png" xlink:href="source/_freeze/notebooks/l_col_Forest_RF_regression/figure-html/unnamed-chunk-12-1.png"/>
  </item>
  <item item-type="article-source">
    <instance media-type="image/png" xlink:href="source/_freeze/notebooks/l_col_Forest_RF_regression/figure-html/unnamed-chunk-13-1.png"/>
  </item>
  <item item-type="article-source">
    <instance media-type="image/png" xlink:href="source/_freeze/notebooks/l_col_Forest_RF_regression/figure-html/unnamed-chunk-14-1.png"/>
  </item>
  <item item-type="article-source">
    <instance media-type="image/png" xlink:href="source/_freeze/notebooks/l_col_Forest_RF_regression/figure-html/unnamed-chunk-16-1.png"/>
  </item>
  <item item-type="article-source">
    <instance media-type="image/png" xlink:href="source/_freeze/notebooks/l_col_Forest_RF_regression/figure-html/unnamed-chunk-18-1.png"/>
  </item>
  <item item-type="article-source">
    <instance media-type="image/png" xlink:href="source/_freeze/notebooks/l_col_Forest_RF_regression/figure-html/unnamed-chunk-19-1.png"/>
  </item>
  <item item-type="article-source">
    <instance media-type="image/png" xlink:href="source/_freeze/notebooks/l_col_Forest_RF_regression/figure-html/unnamed-chunk-20-1.png"/>
  </item>
  <item item-type="article-source">
    <instance media-type="image/png" xlink:href="source/_freeze/notebooks/l_col_Forest_RF_regression/figure-html/unnamed-chunk-4-1.png"/>
  </item>
  <item item-type="article-source">
    <instance media-type="image/png" xlink:href="source/_freeze/notebooks/l_col_Forest_RF_regression/figure-html/unnamed-chunk-5-1.png"/>
  </item>
  <item item-type="article-source">
    <instance media-type="image/png" xlink:href="source/_freeze/notebooks/l_col_Forest_RF_regression/figure-html/unnamed-chunk-6-1.png"/>
  </item>
  <item item-type="article-source">
    <instance media-type="image/png" xlink:href="source/_freeze/notebooks/l_col_Forest_RF_regression/figure-html/unnamed-chunk-7-1.png"/>
  </item>
  <item item-type="article-source">
    <instance media-type="image/png" xlink:href="source/_freeze/notebooks/l_col_Forest_RF_regression/figure-html/unnamed-chunk-9-1.png"/>
  </item>
  <item item-type="article-source">
    <instance media-type="image/png" xlink:href="source/_freeze/notebooks/l_col_Forest_RF_regression/figure-jats/unnamed-chunk-11-1.png"/>
  </item>
  <item item-type="article-source">
    <instance media-type="image/png" xlink:href="source/_freeze/notebooks/l_col_Forest_RF_regression/figure-jats/unnamed-chunk-12-1.png"/>
  </item>
  <item item-type="article-source">
    <instance media-type="image/png" xlink:href="source/_freeze/notebooks/l_col_Forest_RF_regression/figure-jats/unnamed-chunk-18-1.png"/>
  </item>
  <item item-type="article-source">
    <instance media-type="image/png" xlink:href="source/_freeze/notebooks/l_col_Forest_RF_regression/figure-jats/unnamed-chunk-4-1.png"/>
  </item>
  <item item-type="article-source">
    <instance media-type="image/png" xlink:href="source/_freeze/notebooks/l_col_Forest_RF_regression/figure-jats/unnamed-chunk-9-1.png"/>
  </item>
  <item item-type="article-source">
    <instance media-type="application/json" xlink:href="source/_freeze/notebooks/location_map/execute-results/ipynb.json"/>
  </item>
  <item item-type="article-source">
    <instance media-type="application/json" xlink:href="source/_freeze/notebooks/location_map/execute-results/xml.json"/>
  </item>
  <item item-type="article-source">
    <instance media-type="image/png" xlink:href="source/_freeze/notebooks/location_map/figure-ipynb/fig-location_map-1.png"/>
  </item>
  <item item-type="article-source">
    <instance media-type="image/png" xlink:href="source/_freeze/notebooks/location_map/figure-jats/fig-location_map-1.png"/>
  </item>
  <item item-type="article-source">
    <instance media-type="application/json" xlink:href="source/_freeze/notebooks/semivariogram/execute-results/ipynb.json"/>
  </item>
  <item item-type="article-source">
    <instance media-type="application/json" xlink:href="source/_freeze/notebooks/semivariogram/execute-results/xml.json"/>
  </item>
  <item item-type="article-source">
    <instance media-type="application/json" xlink:href="source/_freeze/notebooks/soil_property_maps/execute-results/ipynb.json"/>
  </item>
  <item item-type="article-source">
    <instance media-type="application/json" xlink:href="source/_freeze/notebooks/soil_property_maps/execute-results/xml.json"/>
  </item>
  <item item-type="article-source">
    <instance media-type="image/png" xlink:href="source/_freeze/notebooks/soil_property_maps/figure-ipynb/fig-ag_map-1.png"/>
  </item>
  <item item-type="article-source">
    <instance media-type="image/png" xlink:href="source/_freeze/notebooks/soil_property_maps/figure-ipynb/fig-ag_map2-1.png"/>
  </item>
  <item item-type="article-source">
    <instance media-type="image/png" xlink:href="source/_freeze/notebooks/soil_property_maps/figure-ipynb/fig-forest_map-1.png"/>
  </item>
  <item item-type="article-source">
    <instance media-type="image/png" xlink:href="source/_freeze/notebooks/soil_property_maps/figure-ipynb/fig-forest_map2-1.png"/>
  </item>
  <item item-type="article-source">
    <instance media-type="image/png" xlink:href="source/_freeze/notebooks/soil_property_maps/figure-jats/fig-ag_map-1.png"/>
  </item>
  <item item-type="article-source">
    <instance media-type="image/png" xlink:href="source/_freeze/notebooks/soil_property_maps/figure-jats/fig-ag_map2-1.png"/>
  </item>
  <item item-type="article-source">
    <instance media-type="image/png" xlink:href="source/_freeze/notebooks/soil_property_maps/figure-jats/fig-forest_map-1.png"/>
  </item>
  <item item-type="article-source">
    <instance media-type="image/png" xlink:href="source/_freeze/notebooks/soil_property_maps/figure-jats/fig-forest_map2-1.png"/>
  </item>
  <item item-type="article-source">
    <instance media-type="application/json" xlink:href="source/_freeze/notebooks/univariate_summary/execute-results/html.json"/>
  </item>
  <item item-type="article-source">
    <instance media-type="application/json" xlink:href="source/_freeze/notebooks/univariate_summary/execute-results/ipynb.json"/>
  </item>
  <item item-type="article-source">
    <instance media-type="application/json" xlink:href="source/_freeze/notebooks/univariate_summary/execute-results/xml.json"/>
  </item>
  <item item-type="article-source">
    <instance media-type="image/png" xlink:href="source/_freeze/notebooks/univariate_summary/figure-html/unnamed-chunk-10-1.png"/>
  </item>
  <item item-type="article-source">
    <instance media-type="image/png" xlink:href="source/_freeze/notebooks/univariate_summary/figure-html/unnamed-chunk-11-1.png"/>
  </item>
  <item item-type="article-source">
    <instance media-type="image/png" xlink:href="source/_freeze/notebooks/univariate_summary/figure-html/unnamed-chunk-12-1.png"/>
  </item>
  <item item-type="article-source">
    <instance media-type="image/png" xlink:href="source/_freeze/notebooks/univariate_summary/figure-html/unnamed-chunk-13-1.png"/>
  </item>
  <item item-type="article-source">
    <instance media-type="image/png" xlink:href="source/_freeze/notebooks/univariate_summary/figure-html/unnamed-chunk-14-1.png"/>
  </item>
  <item item-type="article-source">
    <instance media-type="image/png" xlink:href="source/_freeze/notebooks/univariate_summary/figure-html/unnamed-chunk-15-1.png"/>
  </item>
  <item item-type="article-source">
    <instance media-type="image/png" xlink:href="source/_freeze/notebooks/univariate_summary/figure-html/unnamed-chunk-6-1.png"/>
  </item>
  <item item-type="article-source">
    <instance media-type="image/png" xlink:href="source/_freeze/notebooks/univariate_summary/figure-html/unnamed-chunk-7-1.png"/>
  </item>
  <item item-type="article-source">
    <instance media-type="image/png" xlink:href="source/_freeze/notebooks/univariate_summary/figure-html/unnamed-chunk-9-1.png"/>
  </item>
  <item item-type="article-source">
    <instance media-type="image/png" xlink:href="source/_freeze/notebooks/univariate_summary/figure-ipynb/suppfig-geo_summary-1.png"/>
  </item>
  <item item-type="article-source">
    <instance media-type="image/png" xlink:href="source/_freeze/notebooks/univariate_summary/figure-ipynb/unnamed-chunk-10-1.png"/>
  </item>
  <item item-type="article-source">
    <instance media-type="image/png" xlink:href="source/_freeze/notebooks/univariate_summary/figure-ipynb/unnamed-chunk-11-1.png"/>
  </item>
  <item item-type="article-source">
    <instance media-type="image/png" xlink:href="source/_freeze/notebooks/univariate_summary/figure-ipynb/unnamed-chunk-14-1.png"/>
  </item>
  <item item-type="article-source">
    <instance media-type="image/png" xlink:href="source/_freeze/notebooks/univariate_summary/figure-ipynb/unnamed-chunk-15-1.png"/>
  </item>
  <item item-type="article-source">
    <instance media-type="image/png" xlink:href="source/_freeze/notebooks/univariate_summary/figure-ipynb/unnamed-chunk-6-1.png"/>
  </item>
  <item item-type="article-source">
    <instance media-type="image/png" xlink:href="source/_freeze/notebooks/univariate_summary/figure-ipynb/unnamed-chunk-7-1.png"/>
  </item>
  <item item-type="article-source">
    <instance media-type="image/png" xlink:href="source/_freeze/notebooks/univariate_summary/figure-jats/unnamed-chunk-11-1.png"/>
  </item>
  <item item-type="article-source">
    <instance media-type="image/png" xlink:href="source/_freeze/notebooks/univariate_summary/figure-jats/unnamed-chunk-14-1.png"/>
  </item>
  <item item-type="article-source">
    <instance media-type="image/png" xlink:href="source/_freeze/notebooks/univariate_summary/figure-jats/unnamed-chunk-15-1.png"/>
  </item>
  <item item-type="article-source">
    <instance media-type="image/png" xlink:href="source/_freeze/notebooks/univariate_summary/figure-jats/unnamed-chunk-7-1.png"/>
  </item>
  <item item-type="article-source">
    <instance media-type="application/json" xlink:href="source/_freeze/notebooks/v_col_Forest_RF_regression/execute-results/html.json"/>
  </item>
  <item item-type="article-source">
    <instance media-type="application/json" xlink:href="source/_freeze/notebooks/v_col_Forest_RF_regression/execute-results/xml.json"/>
  </item>
  <item item-type="article-source">
    <instance media-type="image/png" xlink:href="source/_freeze/notebooks/v_col_Forest_RF_regression/figure-html/unnamed-chunk-10-1.png"/>
  </item>
  <item item-type="article-source">
    <instance media-type="image/png" xlink:href="source/_freeze/notebooks/v_col_Forest_RF_regression/figure-html/unnamed-chunk-11-1.png"/>
  </item>
  <item item-type="article-source">
    <instance media-type="image/png" xlink:href="source/_freeze/notebooks/v_col_Forest_RF_regression/figure-html/unnamed-chunk-12-1.png"/>
  </item>
  <item item-type="article-source">
    <instance media-type="image/png" xlink:href="source/_freeze/notebooks/v_col_Forest_RF_regression/figure-html/unnamed-chunk-16-1.png"/>
  </item>
  <item item-type="article-source">
    <instance media-type="image/png" xlink:href="source/_freeze/notebooks/v_col_Forest_RF_regression/figure-html/unnamed-chunk-18-1.png"/>
  </item>
  <item item-type="article-source">
    <instance media-type="image/png" xlink:href="source/_freeze/notebooks/v_col_Forest_RF_regression/figure-html/unnamed-chunk-4-1.png"/>
  </item>
  <item item-type="article-source">
    <instance media-type="image/png" xlink:href="source/_freeze/notebooks/v_col_Forest_RF_regression/figure-html/unnamed-chunk-7-1.png"/>
  </item>
  <item item-type="article-source">
    <instance media-type="image/png" xlink:href="source/_freeze/notebooks/v_col_Forest_RF_regression/figure-html/unnamed-chunk-9-1.png"/>
  </item>
  <item item-type="article-source">
    <instance media-type="image/png" xlink:href="source/_freeze/notebooks/v_col_Forest_RF_regression/figure-jats/unnamed-chunk-11-1.png"/>
  </item>
  <item item-type="article-source">
    <instance media-type="image/png" xlink:href="source/_freeze/notebooks/v_col_Forest_RF_regression/figure-jats/unnamed-chunk-12-1.png"/>
  </item>
  <item item-type="article-source">
    <instance media-type="image/png" xlink:href="source/_freeze/notebooks/v_col_Forest_RF_regression/figure-jats/unnamed-chunk-18-1.png"/>
  </item>
  <item item-type="article-source">
    <instance media-type="image/png" xlink:href="source/_freeze/notebooks/v_col_Forest_RF_regression/figure-jats/unnamed-chunk-4-1.png"/>
  </item>
  <item item-type="article-source">
    <instance media-type="image/png" xlink:href="source/_freeze/notebooks/v_col_Forest_RF_regression/figure-jats/unnamed-chunk-9-1.png"/>
  </item>
  <item item-type="article-source">
    <instance media-type="text/css" xlink:href="source/_freeze/site_libs/bootstrap/bootstrap-icons.css"/>
  </item>
  <item item-type="article-source">
    <instance media-type="application/font-woff" xlink:href="source/_freeze/site_libs/bootstrap/bootstrap-icons.woff"/>
  </item>
  <item item-type="article-source">
    <instance media-type="text/css" xlink:href="source/_freeze/site_libs/bootstrap/bootstrap.min.css"/>
  </item>
  <item item-type="article-source">
    <instance media-type="application/javascript" xlink:href="source/_freeze/site_libs/bootstrap/bootstrap.min.js"/>
  </item>
  <item item-type="article-source">
    <instance media-type="application/javascript" xlink:href="source/_freeze/site_libs/clipboard/clipboard.min.js"/>
  </item>
  <item item-type="article-source">
    <instance media-type="application/javascript" xlink:href="source/_freeze/site_libs/manuscript-notebook/headroom.min.js"/>
  </item>
  <item item-type="article-source">
    <instance media-type="text/css" xlink:href="source/_freeze/site_libs/quarto-contrib/glightbox/glightbox.min.css"/>
  </item>
  <item item-type="article-source">
    <instance media-type="application/javascript" xlink:href="source/_freeze/site_libs/quarto-contrib/glightbox/glightbox.min.js"/>
  </item>
  <item item-type="article-source">
    <instance media-type="text/css" xlink:href="source/_freeze/site_libs/quarto-contrib/glightbox/lightbox.css"/>
  </item>
  <item item-type="article-source">
    <instance media-type="application/javascript" xlink:href="source/_freeze/site_libs/quarto-html/anchor.min.js"/>
  </item>
  <item item-type="article-source">
    <instance media-type="application/javascript" xlink:href="source/_freeze/site_libs/quarto-html/popper.min.js"/>
  </item>
  <item item-type="article-source">
    <instance media-type="text/css" xlink:href="source/_freeze/site_libs/quarto-html/quarto-syntax-highlighting.css"/>
  </item>
  <item item-type="article-source">
    <instance media-type="application/javascript" xlink:href="source/_freeze/site_libs/quarto-html/quarto.js"/>
  </item>
  <item item-type="article-source">
    <instance media-type="text/css" xlink:href="source/_freeze/site_libs/quarto-html/tippy.css"/>
  </item>
  <item item-type="article-source">
    <instance media-type="application/javascript" xlink:href="source/_freeze/site_libs/quarto-html/tippy.umd.min.js"/>
  </item>
  <item item-type="article-source">
    <instance media-type="application/octet-stream" xlink:href="source/_quarto.yml"/>
  </item>
  <item item-type="article-source">
    <instance media-type="application/vnd.openxmlformats-officedocument.wordprocessingml.document" xlink:href="source/custom-reference-doc.docx"/>
  </item>
  <item item-type="article-source">
    <instance media-type="application/octet-stream" xlink:href="source/elsarticle-num.bst"/>
  </item>
  <item item-type="article-source">
    <instance media-type="application/octet-stream" xlink:href="source/elsarticle.cls"/>
  </item>
  <item item-type="article-source">
    <instance media-type="application/octet-stream" xlink:href="source/geoderma.csl"/>
  </item>
  <item item-type="article-source">
    <instance media-type="image/png" xlink:href="source/images/colour_summary.png"/>
  </item>
  <item item-type="article-source">
    <instance media-type="image/png" xlink:href="source/images/geo_summary.png"/>
  </item>
  <item item-type="article-source">
    <instance media-type="application/octet-stream" xlink:href="source/index.qmd"/>
  </item>
  <item item-type="article-source">
    <instance media-type="application/octet-stream" xlink:href="source/index.spl"/>
  </item>
  <item item-type="article-source">
    <instance media-type="application/octet-stream" xlink:href="source/manuscript-template-rstudio.Rproj"/>
  </item>
  <item item-type="article-source">
    <instance media-type="application/octet-stream" xlink:href="source/notebooks/Ca_Ag_RF_regression.qmd"/>
  </item>
  <item item-type="article-source">
    <instance media-type="application/octet-stream" xlink:href="source/notebooks/Li_Forest_RF_regression.qmd"/>
  </item>
  <item item-type="article-source">
    <instance media-type="application/octet-stream" xlink:href="source/notebooks/Mo_Ag_RF_regression.qmd"/>
  </item>
  <item item-type="article-source">
    <instance media-type="application/octet-stream" xlink:href="source/notebooks/Nb_Forest_RF_regression.qmd"/>
  </item>
  <item item-type="article-source">
    <instance media-type="application/octet-stream" xlink:href="source/notebooks/RF_results.qmd"/>
  </item>
  <item item-type="article-source">
    <instance media-type="application/octet-stream" xlink:href="source/notebooks/U_Ag_RF_regression.qmd"/>
  </item>
  <item item-type="article-source">
    <instance media-type="application/octet-stream" xlink:href="source/notebooks/Zn_Forest_RF_regression.qmd"/>
  </item>
  <item item-type="article-source">
    <instance media-type="application/octet-stream" xlink:href="source/notebooks/a_col_Ag_RF_regression.qmd"/>
  </item>
  <item item-type="article-source">
    <instance media-type="application/octet-stream" xlink:href="source/notebooks/ag_terrain_data.csv"/>
  </item>
  <item item-type="article-source">
    <instance media-type="application/octet-stream" xlink:href="source/notebooks/c_col_Ag_RF_regression.qmd"/>
  </item>
  <item item-type="article-source">
    <instance media-type="application/octet-stream" xlink:href="source/notebooks/coords.csv"/>
  </item>
  <item item-type="article-source">
    <instance media-type="application/octet-stream" xlink:href="source/notebooks/forest_terrain_data.csv"/>
  </item>
  <item item-type="article-source">
    <instance media-type="application/octet-stream" xlink:href="source/notebooks/h_col_Ag_RF_regression.qmd"/>
  </item>
  <item item-type="article-source">
    <instance media-type="application/octet-stream" xlink:href="source/notebooks/h_col_Forest_RF_regression.qmd"/>
  </item>
  <item item-type="article-source">
    <instance media-type="application/octet-stream" xlink:href="source/notebooks/importance_data.csv"/>
  </item>
  <item item-type="article-source">
    <instance media-type="application/octet-stream" xlink:href="source/notebooks/l_col_Forest_RF_regression.qmd"/>
  </item>
  <item item-type="article-source">
    <instance media-type="application/octet-stream" xlink:href="source/notebooks/location_map.qmd"/>
  </item>
  <item item-type="article-source">
    <instance media-type="application/octet-stream" xlink:href="source/notebooks/semivariogram.qmd"/>
  </item>
  <item item-type="article-source">
    <instance media-type="application/octet-stream" xlink:href="source/notebooks/soil_data.csv"/>
  </item>
  <item item-type="article-source">
    <instance media-type="application/octet-stream" xlink:href="source/notebooks/soil_property_maps.qmd"/>
  </item>
  <item item-type="article-source">
    <instance media-type="application/octet-stream" xlink:href="source/notebooks/univariate_summary.qmd"/>
  </item>
  <item item-type="article-source">
    <instance media-type="image/png" xlink:href="source/notebooks/univariate_summary_files/figure-html/unnamed-chunk-10-1.png"/>
  </item>
  <item item-type="article-source">
    <instance media-type="image/png" xlink:href="source/notebooks/univariate_summary_files/figure-html/unnamed-chunk-11-1.png"/>
  </item>
  <item item-type="article-source">
    <instance media-type="image/png" xlink:href="source/notebooks/univariate_summary_files/figure-html/unnamed-chunk-12-1.png"/>
  </item>
  <item item-type="article-source">
    <instance media-type="image/png" xlink:href="source/notebooks/univariate_summary_files/figure-html/unnamed-chunk-13-1.png"/>
  </item>
  <item item-type="article-source">
    <instance media-type="image/png" xlink:href="source/notebooks/univariate_summary_files/figure-html/unnamed-chunk-14-1.png"/>
  </item>
  <item item-type="article-source">
    <instance media-type="image/png" xlink:href="source/notebooks/univariate_summary_files/figure-html/unnamed-chunk-15-1.png"/>
  </item>
  <item item-type="article-source">
    <instance media-type="image/png" xlink:href="source/notebooks/univariate_summary_files/figure-html/unnamed-chunk-6-1.png"/>
  </item>
  <item item-type="article-source">
    <instance media-type="image/png" xlink:href="source/notebooks/univariate_summary_files/figure-html/unnamed-chunk-7-1.png"/>
  </item>
  <item item-type="article-source">
    <instance media-type="image/png" xlink:href="source/notebooks/univariate_summary_files/figure-html/unnamed-chunk-9-1.png"/>
  </item>
  <item item-type="article-source">
    <instance media-type="application/octet-stream" xlink:href="source/notebooks/v_col_Forest_RF_regression.qmd"/>
  </item>
  <item item-type="article-source">
    <instance media-type="application/octet-stream" xlink:href="source/references.bib"/>
  </item>
  <item item-type="article-source">
    <instance media-type="text/css" xlink:href="source/site_libs/bootstrap/bootstrap-icons.css"/>
  </item>
  <item item-type="article-source">
    <instance media-type="application/font-woff" xlink:href="source/site_libs/bootstrap/bootstrap-icons.woff"/>
  </item>
  <item item-type="article-source">
    <instance media-type="text/css" xlink:href="source/site_libs/bootstrap/bootstrap.min.css"/>
  </item>
  <item item-type="article-source">
    <instance media-type="application/javascript" xlink:href="source/site_libs/bootstrap/bootstrap.min.js"/>
  </item>
  <item item-type="article-source">
    <instance media-type="application/javascript" xlink:href="source/site_libs/clipboard/clipboard.min.js"/>
  </item>
  <item item-type="article-source">
    <instance media-type="application/javascript" xlink:href="source/site_libs/manuscript-notebook/headroom.min.js"/>
  </item>
  <item item-type="article-source">
    <instance media-type="text/css" xlink:href="source/site_libs/quarto-contrib/glightbox/glightbox.min.css"/>
  </item>
  <item item-type="article-source">
    <instance media-type="application/javascript" xlink:href="source/site_libs/quarto-contrib/glightbox/glightbox.min.js"/>
  </item>
  <item item-type="article-source">
    <instance media-type="text/css" xlink:href="source/site_libs/quarto-contrib/glightbox/lightbox.css"/>
  </item>
  <item item-type="article-source">
    <instance media-type="application/javascript" xlink:href="source/site_libs/quarto-html/anchor.min.js"/>
  </item>
  <item item-type="article-source">
    <instance media-type="application/javascript" xlink:href="source/site_libs/quarto-html/popper.min.js"/>
  </item>
  <item item-type="article-source">
    <instance media-type="text/css" xlink:href="source/site_libs/quarto-html/quarto-syntax-highlighting.css"/>
  </item>
  <item item-type="article-source">
    <instance media-type="application/javascript" xlink:href="source/site_libs/quarto-html/quarto.js"/>
  </item>
  <item item-type="article-source">
    <instance media-type="text/css" xlink:href="source/site_libs/quarto-html/tippy.css"/>
  </item>
  <item item-type="article-source">
    <instance media-type="application/javascript" xlink:href="source/site_libs/quarto-html/tippy.umd.min.js"/>
  </item>
  <item item-type="article-source-directory">
    <instance media-type="application/x-directory" xlink:href="source"/>
  </item>
</manifest>